total,employees,year,job_category_id,id
"715,408","131,237",1995,1,1
"7,907","6,186",1995,2,2
"35,472","7,227",1995,3,3
"15,023","14,233",1995,4,4
"94,828","72,764",1995,5,5
"109,565","76,337",1995,6,6
"29,343","15,737",1995,7,7
"11,105","8,795",1995,8,8
"13,955","9,906",1995,9,9
"5,846","4,699",1995,10,10
"9,920","8,782",1995,11,11
"10,548","10,010",1995,12,12
"10,279","9,167",1995,13,13
"31,055","25,730",1995,14,14
"16,453","16,182",1995,15,15
"30,291","24,635",1995,16,16
"3,976","3,242",1995,17,17
"8,625","8,271",1995,18,18
"13,818","10,250",1995,19,19
"4,278","3,458",1995,20,20
"9,671","8,522",1995,21,21
"42,638","24,116",1995,22,22
"7,811","6,165",1995,23,23
"35,358","35,087",1995,24,24
"7,878","7,847",1995,25,25
"18,046","18,043",1995,26,26
"265,786","154,614",1995,27,27
"86,853","52,355",1995,28,28
"217,039","140,755",1995,29,29
"453,662","200,910",1995,30,30
"173,012","76,600",1995,31,31
"30,134","23,732",1995,32,32
"24,504","24,504",1995,33,33
"29,940","20,915",1995,34,34
"15,903","14,991",1995,35,35
"240,912","115,569",1995,36,36
"14,839","14,043",1995,37,37
"19,474","17,541",1995,38,38
"23,697","23,261",1995,39,39
"4,769","3,840",1995,40,40
"60,471","60,471",1995,41,41
"7,631","7,631",1995,42,42
"25,720","13,836",1995,43,43
"3,200","1,299",1995,44,44
"64,311","23,803",1995,45,45
"38,676","12,315",1995,46,46
"2,981","1,961",1995,47,47
"8,007","5,877",1995,48,48
"16,475","4,725",1995,49,49
"8,247","2,941",1995,50,50
"3,485","2,200",1995,51,51
"15,557","11,208",1995,52,52
"43,572","35,710",1995,53,53
"334,570","334,570",1995,54,54
"240,463","215,395",1995,55,55
"139,069","108,854",1995,56,56
"22,790","21,027",1995,57,57
"26,589","19,422",1995,58,58
"9,892","8,090",1995,59,59
"69,535","69,535",1995,60,60
"11,119","1,901",1995,61,61
"70,810","31,389",1995,62,62
"33,550","32,052",1995,63,63
"0,000","0,000",1995,64,64
"4156,339","2476,472",1995,65,65
"704,158","129,415",1996,1,66
"7,797","6,098",1996,2,67
"34,789","7,087",1996,3,68
"15,387","14,684",1996,4,69
"95,856","71,919",1996,5,70
"107,969","72,672",1996,6,71
"30,707","16,221",1996,7,72
"11,086","8,764",1996,8,73
"14,256","10,045",1996,9,74
"5,626","4,494",1996,10,75
"9,731","8,617",1996,11,76
"10,347","9,820",1996,12,77
"10,290","8,837",1996,13,78
"31,455","25,893",1996,14,79
"16,599","16,472",1996,15,80
"30,486","24,670",1996,16,81
"4,322","3,499",1996,17,82
"9,187","8,875",1996,18,83
"14,229","10,671",1996,19,84
"4,062","3,183",1996,20,85
"9,134","7,815",1996,21,86
"42,394","23,868",1996,22,87
"7,707","5,911",1996,23,88
"35,463","35,191",1996,24,89
"9,481","9,442",1996,25,90
"18,304","18,302",1996,26,91
"265,343","154,346",1996,27,92
"85,731","51,564",1996,28,93
"210,990","136,832",1996,29,94
"442,542","195,801",1996,30,95
"173,216","76,589",1996,31,96
"29,054","22,880",1996,32,97
"23,641","23,641",1996,33,98
"27,736","19,367",1996,34,99
"17,033","16,056",1996,35,100
"241,612","115,794",1996,36,101
"15,155","14,329",1996,37,102
"19,735","17,749",1996,38,103
"25,380","24,914",1996,39,104
"4,521","4,251",1996,40,105
"56,297","56,297",1996,41,106
"7,218","7,218",1996,42,107
"23,416","12,597",1996,43,108
"3,533","1,440",1996,44,109
"62,311","23,084",1996,45,110
"37,473","11,943",1996,46,111
"3,122","2,053",1996,47,112
"7,758","5,700",1996,48,113
"16,039","4,638",1996,49,114
"7,473","2,536",1996,50,115
"3,376","2,134",1996,51,116
"14,391","10,365",1996,52,117
"42,421","34,838",1996,53,118
"339,446","339,446",1996,54,119
"245,078","219,567",1996,55,120
"145,445","113,845",1996,56,121
"23,835","21,991",1996,57,122
"26,941","19,642",1996,58,123
"9,969","8,145",1996,59,124
"63,869","63,869",1996,60,125
"10,836","1,867",1996,61,126
"71,253","31,604",1996,62,127
"38,647","36,921",1996,63,128
"0,000","0,000",1996,64,129
"4132,657","2468,318",1996,65,130
"679,922","122,343",1997,1,131
"6,627","5,184",1997,2,132
"32,646","10,121",1997,3,133
"14,722","14,094",1997,4,134
"95,227","71,780",1997,5,135
"99,938","67,138",1997,6,136
"29,263","15,491",1997,7,137
"11,092","8,853",1997,8,138
"14,313","10,169",1997,9,139
"5,192","4,245",1997,10,140
"9,752","8,486",1997,11,141
"10,369","9,801",1997,12,142
"9,981","8,567",1997,13,143
"31,440","25,864",1997,14,144
"16,001","15,963",1997,15,145
"29,460","24,062",1997,16,146
"4,245","3,410",1997,17,147
"8,627","8,303",1997,18,148
"13,785","10,527",1997,19,149
"3,965","3,163",1997,20,150
"8,698","7,312",1997,21,151
"42,501","23,721",1997,22,152
"7,408","5,644",1997,23,153
"34,629","34,364",1997,24,154
"10,145","10,145",1997,25,155
"17,295","17,293",1997,26,156
"264,421","152,612",1997,27,157
"85,508","51,660",1997,28,158
"213,208","137,635",1997,29,159
"460,992","209,252",1997,30,160
"165,491","73,469",1997,31,161
"27,890","22,076",1997,32,162
"23,272","23,272",1997,33,163
"28,046","19,603",1997,34,164
"17,064","16,085",1997,35,165
"247,601","119,505",1997,36,166
"15,234","14,420",1997,37,167
"19,273","17,341",1997,38,168
"25,426","24,959",1997,39,169
"6,111","5,731",1997,40,170
"64,971","64,971",1997,41,171
"7,149","7,149",1997,42,172
"23,200","12,661",1997,43,173
"3,096","1,307",1997,44,174
"64,373","23,622",1997,45,175
"38,713","12,221",1997,46,176
"3,058","2,012",1997,47,177
"8,014","5,833",1997,48,178
"16,532","4,726",1997,49,179
"6,346","2,197",1997,50,180
"3,488","2,184",1997,51,181
"14,566","10,500",1997,52,182
"43,086","35,002",1997,53,183
"334,612","334,612",1997,54,184
"251,340","225,632",1997,55,185
"145,012","113,582",1997,56,186
"23,764","21,927",1997,57,187
"26,296","19,189",1997,58,188
"9,730","7,953",1997,59,189
"59,600","59,600",1997,60,190
"11,355","2,072",1997,61,191
"70,450","30,812",1997,62,192
"40,891","39,066",1997,63,193
"0,000","0,000",1997,64,194
"4116,423","2472,489",1997,65,195
"681,098","125,677",1998,1,196
"7,545","5,902",1998,2,197
"29,978","9,294",1998,3,198
"14,653","14,027",1998,4,199
"95,718","72,300",1998,5,200
"101,500","67,762",1998,6,201
"29,187","15,496",1998,7,202
"11,580","8,824",1998,8,203
"14,788","10,553",1998,9,204
"5,659","4,451",1998,10,205
"10,022","8,572",1998,11,206
"10,656","10,034",1998,12,207
"10,105","8,703",1998,13,208
"33,264","27,055",1998,14,209
"17,088","16,472",1998,15,210
"31,249","25,522",1998,16,211
"4,623","3,737",1998,17,212
"9,026","8,646",1998,18,213
"14,557","10,918",1998,19,214
"3,840","3,078",1998,20,215
"9,011","7,365",1998,21,216
"44,063","24,714",1998,22,217
"7,766","5,677",1998,23,218
"34,142","33,880",1998,24,219
"10,412","10,412",1998,25,220
"18,024","18,022",1998,26,221
"289,979","168,688",1998,27,222
"95,877","58,302",1998,28,223
"238,799","154,155",1998,29,224
"467,456","211,360",1998,30,225
"170,947","75,890",1998,31,226
"31,479","24,917",1998,32,227
"21,625","21,625",1998,33,228
"29,785","20,817",1998,34,229
"18,144","17,104",1998,35,230
"257,041","124,061",1998,36,231
"15,750","14,916",1998,37,232
"21,438","19,306",1998,38,233
"27,036","26,539",1998,39,234
"7,236","5,891",1998,40,235
"66,126","66,126",1998,41,236
"7,140","7,140",1998,42,237
"26,226","14,313",1998,43,238
"3,878","1,639",1998,44,239
"74,990","27,518",1998,45,240
"45,099","14,237",1998,46,241
"3,658","2,406",1998,47,242
"9,336","6,795",1998,48,243
"19,165","5,438",1998,49,244
"9,405","3,256",1998,50,245
"4,064","2,544",1998,51,246
"15,452","11,139",1998,52,247
"48,498","39,166",1998,53,248
"332,848","332,848",1998,54,249
"259,295","232,664",1998,55,250
"155,868","122,084",1998,56,251
"25,543","23,568",1998,57,252
"29,280","21,364",1998,58,253
"10,840","8,859",1998,59,254
"69,156","69,156",1998,60,255
"11,512","2,094",1998,61,256
"72,191","31,570",1998,62,257
"45,554","43,520",1998,63,258
"0,000","0,000",1998,64,259
"4297,270","2590,108",1998,65,260
"683,077","119,894",1999,1,261
"8,098","6,326",1999,2,262
"29,171","9,662",1999,3,263
"13,081","12,452",1999,4,264
"96,035","75,037",1999,5,265
"99,542","72,975",1999,6,266
"29,243","16,425",1999,7,267
"11,095","9,877",1999,8,268
"14,882","12,187",1999,9,269
"5,422","5,271",1999,10,270
"9,502","8,476",1999,11,271
"10,103","9,605",1999,12,272
"10,134","9,161",1999,13,273
"31,644","25,003",1999,14,274
"17,968","17,862",1999,15,275
"31,231","25,840",1999,16,276
"4,780","3,920",1999,17,277
"8,963","8,081",1999,18,278
"13,969","10,542",1999,19,279
"3,907","3,355",1999,20,280
"8,387","7,840",1999,21,281
"44,208","25,659",1999,22,282
"7,393","6,162",1999,23,283
"33,526","33,269",1999,24,284
"10,946","10,946",1999,25,285
"17,566","17,564",1999,26,286
"285,425","165,931",1999,27,287
"89,731","59,686",1999,28,288
"241,266","162,935",1999,29,289
"473,020","228,386",1999,30,290
"175,932","79,515",1999,31,291
"32,863","25,627",1999,32,292
"21,723","21,723",1999,33,293
"27,941","19,090",1999,34,294
"17,327","16,333",1999,35,295
"258,474","132,264",1999,36,296
"15,862","15,320",1999,37,297
"20,656","17,481",1999,38,298
"25,818","25,344",1999,39,299
"8,302","7,703",1999,40,300
"65,001","65,001",1999,41,301
"7,404","7,404",1999,42,302
"27,559","19,224",1999,43,303
"2,854","1,138",1999,44,304
"76,715","29,360",1999,45,305
"46,136","15,190",1999,46,306
"4,213","2,771",1999,47,307
"9,551","7,249",1999,48,308
"19,607","5,797",1999,49,309
"7,163","3,445",1999,50,310
"4,157","2,714",1999,51,311
"14,472","10,223",1999,52,312
"49,357","41,026",1999,53,313
"333,194","333,194",1999,54,314
"260,591","237,302",1999,55,315
"159,558","128,913",1999,56,316
"26,147","24,164",1999,57,317
"28,192","18,715",1999,58,318
"10,435","8,088",1999,59,319
"59,681","59,681",1999,60,320
"11,713","2,373",1999,61,321
"76,177","32,783",1999,62,322
"50,605","48,345",1999,63,323
"0,000","0,000",1999,64,324
"4298,694","2644,828",1999,65,325
"654,010","121,922",2000,1,326
"7,790","6,087",2000,2,327
"28,737","8,908",2000,3,328
"14,140","13,521",2000,4,329
"96,559","75,331",2000,5,330
"98,674","72,133",2000,6,331
"27,727","15,575",2000,7,332
"10,125","9,013",2000,8,333
"14,171","11,604",2000,9,334
"4,894","4,758",2000,10,335
"9,545","8,797",2000,11,336
"10,104","9,679",2000,12,337
"9,798","8,857",2000,13,338
"30,222","23,878",2000,14,339
"16,262","16,165",2000,15,340
"31,088","25,726",2000,16,341
"4,608","3,768",2000,17,342
"8,878","7,992",2000,18,343
"13,954","10,532",2000,19,344
"3,996","3,432",2000,20,345
"8,016","7,495",2000,21,346
"43,114","25,044",2000,22,347
"7,244","6,014",2000,23,348
"32,265","32,018",2000,24,349
"10,555","10,555",2000,25,350
"18,310","18,309",2000,26,351
"294,777","179,417",2000,27,352
"92,616","58,932",2000,28,353
"241,028","162,776",2000,29,354
"479,876","226,882",2000,30,355
"173,031","78,202",2000,31,356
"29,851","23,629",2000,32,357
"17,998","17,998",2000,33,358
"29,400","20,591",2000,34,359
"18,252","17,205",2000,35,360
"265,542","133,603",2000,36,361
"15,121","14,605",2000,37,362
"20,147","17,553",2000,38,363
"27,196","26,697",2000,39,364
"9,369","8,740",2000,40,365
"67,732","67,621",2000,41,366
"8,144","8,144",2000,42,367
"31,187","20,795",2000,43,368
"3,215","1,355",2000,44,369
"77,570","29,687",2000,45,370
"46,650","15,359",2000,46,371
"4,096","2,694",2000,47,372
"9,657","7,330",2000,48,373
"19,782","5,821",2000,49,374
"5,508","1,904",2000,50,375
"4,203","2,744",2000,51,376
"15,261","11,003",2000,52,377
"49,455","41,146",2000,53,378
"363,060","363,060",2000,54,379
"263,909","240,329",2000,55,380
"155,368","124,420",2000,56,381
"25,461","23,534",2000,57,382
"27,517","19,074",2000,58,383
"10,235","8,110",2000,59,384
"61,501","61,501",2000,60,385
"11,912","2,399",2000,61,386
"70,388","32,250",2000,62,387
"51,984","49,663",2000,63,388
"0,000","0,000",2000,64,389
"4312,785","2683,887",2000,65,390
"605,261","112,835",2001,1,391
"8,746","6,834",2001,2,392
"27,232","8,442",2001,3,393
"14,725","14,088",2001,4,394
"103,807","82,068",2001,5,395
"90,526","65,136",2001,6,396
"25,553","13,433",2001,7,397
"8,556","7,909",2001,8,398
"15,993","11,987",2001,9,399
"5,971","5,836",2001,10,400
"10,377","9,784",2001,11,401
"10,984","10,765",2001,12,402
"13,157","12,089",2001,13,403
"30,018","23,867",2001,14,404
"17,902","17,883",2001,15,405
"39,932","28,425",2001,16,406
"5,388","4,380",2001,17,407
"10,384","9,210",2001,18,408
"15,129","11,292",2001,19,409
"3,865","3,324",2001,20,410
"7,843","7,442",2001,21,411
"44,660","25,992",2001,22,412
"7,332","6,096",2001,23,413
"30,020","29,698",2001,24,414
"11,133","11,133",2001,25,415
"17,619","17,604",2001,26,416
"301,349","190,915",2001,27,417
"85,141","51,422",2001,28,418
"257,851","184,301",2001,29,419
"486,800","239,038",2001,30,420
"165,243","71,713",2001,31,421
"29,061","23,070",2001,32,422
"17,326","17,314",2001,33,423
"31,268","21,846",2001,34,424
"18,138","16,884",2001,35,425
"269,234","142,489",2001,36,426
"17,471","16,595",2001,37,427
"20,252","17,142",2001,38,428
"27,026","26,198",2001,39,429
"11,994","11,481",2001,40,430
"62,440","62,199",2001,41,431
"8,316","8,316",2001,42,432
"32,493","23,133",2001,43,433
"3,809","1,213",2001,44,434
"84,612","33,588",2001,45,435
"50,885","17,377",2001,46,436
"2,931","1,925",2001,47,437
"10,534","8,293",2001,48,438
"21,427","6,511",2001,49,439
"6,938","2,400",2001,50,440
"4,440","2,881",2001,51,441
"16,205","11,642",2001,52,442
"53,808","46,180",2001,53,443
"362,541","362,541",2001,54,444
"270,270","235,989",2001,55,445
"154,718","128,258",2001,56,446
"25,354","24,260",2001,57,447
"27,633","18,617",2001,58,448
"10,255","7,918",2001,59,449
"68,282","68,282",2001,60,450
"12,364","2,640",2001,61,451
"68,836","31,574",2001,62,452
"49,022","46,833",2001,63,453
"0,000","0,000",2001,64,454
"4328,380","2740,527",2001,65,455
"597,546","111,395",2002,1,456
"7,328","5,726",2002,2,457
"25,809","8,000",2002,3,458
"12,866","12,209",2002,4,459
"107,884","86,084",2002,5,460
"86,025","61,727",2002,6,461
"23,950","12,228",2002,7,462
"9,507","8,885",2002,8,463
"15,729","11,959",2002,9,464
"6,343","6,199",2002,10,465
"10,887","10,281",2002,11,466
"11,524","11,313",2002,12,467
"13,066","12,024",2002,13,468
"30,612","24,285",2002,14,469
"19,192","19,160",2002,15,470
"41,114","28,126",2002,16,471
"6,245","5,084",2002,17,472
"11,134","9,818",2002,18,473
"12,703","8,882",2002,19,474
"3,190","2,693",2002,20,475
"7,763","7,351",2002,21,476
"45,522","26,371",2002,22,477
"7,170","5,909",2002,23,478
"27,168","26,733",2002,24,479
"10,192","10,192",2002,25,480
"19,491","19,477",2002,26,481
"313,281","202,207",2002,27,482
"90,862","52,762",2002,28,483
"280,898","193,345",2002,29,484
"495,485","243,111",2002,30,485
"142,653","60,983",2002,31,486
"27,805","25,968",2002,32,487
"15,156","15,145",2002,33,488
"36,006","28,806",2002,34,489
"19,919","18,717",2002,35,490
"274,413","160,115",2002,36,491
"18,744","17,749",2002,37,492
"23,138","19,956",2002,38,493
"29,681","29,043",2002,39,494
"17,726","15,608",2002,40,495
"63,100","62,856",2002,41,496
"7,692","7,692",2002,42,497
"27,967","19,525",2002,43,498
"6,389","2,123",2002,44,499
"90,977","35,585",2002,45,500
"54,713","18,410",2002,46,501
"2,115","1,170",2002,47,502
"11,327","8,786",2002,48,503
"22,984","6,885",2002,49,504
"8,327","2,422",2002,50,505
"4,889","3,202",2002,51,506
"18,658","15,296",2002,52,507
"57,885","49,007",2002,53,508
"370,787","370,787",2002,54,509
"282,744","258,667",2002,55,510
"159,943","132,592",2002,56,511
"26,211","25,079",2002,57,512
"31,611","21,702",2002,58,513
"11,665","9,176",2002,59,514
"77,424","77,424",2002,60,515
"13,128","2,854",2002,61,516
"73,498","33,712",2002,62,517
"54,529","52,094",2002,63,518
"0,000","0,000",2002,64,519
"4434,288","2852,673",2002,65,520
"582,580","108,605",2003,1,521
"7,255","5,668",2003,2,522
"24,523","7,602",2003,3,523
"13,954","13,245",2003,4,524
"104,563","83,007",2003,5,525
"84,807","61,664",2003,6,526
"23,100","12,365",2003,7,527
"7,201","6,657",2003,8,528
"16,490","12,646",2003,9,529
"6,065","5,916",2003,10,530
"9,200","8,627",2003,11,531
"9,738","9,492",2003,12,532
"12,051","11,054",2003,13,533
"30,582","24,199",2003,14,534
"21,729","21,683",2003,15,535
"39,623","26,681",2003,16,536
"7,042","5,820",2003,17,537
"10,363","9,062",2003,18,538
"14,175","10,241",2003,19,539
"3,636","3,122",2003,20,540
"7,602","7,209",2003,21,541
"45,905","26,938",2003,22,542
"7,099","5,861",2003,23,543
"24,188","23,712",2003,24,544
"10,042","10,042",2003,25,545
"18,089","18,073",2003,26,546
"339,720","219,836",2003,27,547
"98,954","57,507",2003,28,548
"285,343","201,017",2003,29,549
"511,958","258,971",2003,30,550
"135,980","56,652",2003,31,551
"31,028","27,371",2003,32,552
"14,104","14,094",2003,33,553
"33,398","25,702",2003,34,554
"20,288","19,099",2003,35,555
"278,058","162,371",2003,36,556
"18,660","17,682",2003,37,557
"22,697","19,216",2003,38,558
"30,231","29,635",2003,39,559
"14,837","12,748",2003,40,560
"70,386","70,113",2003,41,561
"8,167","8,167",2003,42,562
"26,978","18,159",2003,43,563
"4,330","3,214",2003,44,564
"93,264","37,332",2003,45,565
"56,088","19,314",2003,46,566
"3,607","2,330",2003,47,567
"11,611","9,218",2003,48,568
"23,540","7,194",2003,49,569
"9,968","2,869",2003,50,570
"4,926","3,216",2003,51,571
"17,332","13,677",2003,52,572
"59,229","51,189",2003,53,573
"372,244","372,244",2003,54,574
"289,977","265,130",2003,55,575
"162,212","134,469",2003,56,576
"26,582","25,434",2003,57,577
"30,992","20,882",2003,58,578
"11,482","8,869",2003,59,579
"88,805","88,805",2003,60,580
"13,213","2,878",2003,61,581
"75,668","34,708",2003,62,582
"58,219","55,620",2003,63,583
"0,000","0,000",2003,64,584
"4495,681","2916,122",2003,65,585
"515,710","96,139",2004,1,586
"5,457","4,264",2004,2,587
"24,134","7,481",2004,3,588
"13,894","13,244",2004,4,589
"100,600","79,711",2004,5,590
"76,415","53,218",2004,6,591
"29,624","15,857",2004,7,592
"7,729","6,754",2004,8,593
"18,512","11,913",2004,9,594
"6,887","6,658",2004,10,595
"11,525","10,863",2004,11,596
"12,199","11,952",2004,12,597
"13,443","12,494",2004,13,598
"30,834","24,553",2004,14,599
"18,812","18,574",2004,15,600
"41,830","28,072",2004,16,601
"5,372","3,886",2004,17,602
"11,897","9,470",2004,18,603
"16,658","11,416",2004,19,604
"3,905","3,237",2004,20,605
"7,664","7,242",2004,21,606
"39,872","22,367",2004,22,607
"7,380","5,994",2004,23,608
"23,808","23,317",2004,24,609
"10,745","10,745",2004,25,610
"17,981","17,738",2004,26,611
"344,141","221,136",2004,27,612
"90,360","53,805",2004,28,613
"316,161","221,597",2004,29,614
"527,942","259,135",2004,30,615
"134,194","58,836",2004,31,616
"29,563","24,695",2004,32,617
"6,125","6,121",2004,33,618
"35,187","25,028",2004,34,619
"20,099","18,976",2004,35,620
"281,640","161,568",2004,36,621
"21,101","17,570",2004,37,622
"21,785","18,507",2004,38,623
"29,949","29,444",2004,39,624
"17,085","15,125",2004,40,625
"71,780","71,501",2004,41,626
"8,338","8,338",2004,42,627
"28,362","17,314",2004,43,628
"7,019","4,065",2004,44,629
"102,972","42,581",2004,45,630
"61,926","22,030",2004,46,631
"4,039","2,609",2004,47,632
"12,820","10,514",2004,48,633
"26,052","8,206",2004,49,634
"13,379","4,819",2004,50,635
"5,163","3,388",2004,51,636
"18,215","13,314",2004,52,637
"65,273","58,110",2004,53,638
"403,125","403,125",2004,54,639
"320,852","292,158",2004,55,640
"187,384","155,306",2004,56,641
"30,707","29,376",2004,57,642
"29,704","20,115",2004,58,643
"11,116","8,610",2004,59,644
"83,451","83,451",2004,60,645
"13,819","2,976",2004,61,646
"81,311","37,296",2004,62,647
"69,063","65,979",2004,63,648
"0,000","0,000",2004,64,649
"4604,092","3013,883",2004,65,650
"520,700","30,506",2005,1,651
"5,817","3,679",2005,2,652
"24,066","7,460",2005,3,653
"13,390","12,783",2005,4,654
"114,234","85,960",2005,5,655
"75,523","53,314",2005,6,656
"32,766","18,043",2005,7,657
"8,331","7,357",2005,8,658
"17,445","13,393",2005,9,659
"7,977","7,726",2005,10,660
"12,358","11,641",2005,11,661
"13,721","13,106",2005,12,662
"11,699","10,661",2005,13,663
"29,764","24,773",2005,14,664
"15,935","13,767",2005,15,665
"40,537","26,456",2005,16,666
"6,841","5,188",2005,17,667
"9,822","8,084",2005,18,668
"15,279","9,975",2005,19,669
"3,040","2,557",2005,20,670
"7,485","7,051",2005,21,671
"44,560","25,441",2005,22,672
"7,532","4,715",2005,23,673
"23,631","23,153",2005,24,674
"10,274","10,274",2005,25,675
"18,282","17,917",2005,26,676
"364,535","243,500",2005,27,677
"92,032","53,458",2005,28,678
"330,752","219,954",2005,29,679
"510,712","243,761",2005,30,680
"129,259","63,161",2005,31,681
"23,595","21,482",2005,32,682
"4,915","4,915",2005,33,683
"34,694","26,737",2005,34,684
"21,367","20,441",2005,35,685
"297,803","148,068",2005,36,686
"18,625","15,600",2005,37,687
"22,488","19,023",2005,38,688
"33,122","32,815",2005,39,689
"13,576","11,074",2005,40,690
"71,293","71,027",2005,41,691
"9,156","9,156",2005,42,692
"29,543","17,726",2005,43,693
"6,030","3,604",2005,44,694
"104,208","48,100",2005,45,695
"63,595","21,201",2005,46,696
"8,274","6,064",2005,47,697
"13,269","10,463",2005,48,698
"26,881","10,610",2005,49,699
"13,244","5,950",2005,50,700
"3,292","2,225",2005,51,701
"15,188","11,462",2005,52,702
"80,244","73,716",2005,53,703
"390,549","390,549",2005,54,704
"319,798","291,401",2005,55,705
"185,069","154,915",2005,56,706
"30,239","29,052",2005,57,707
"32,386","20,931",2005,58,708
"12,118","10,310",2005,59,709
"79,993","79,993",2005,60,710
"13,694","3,240",2005,61,711
"83,633","42,652",2005,62,712
"66,689","63,355",2005,63,713
"0,000","0,000",2005,64,714
"4646,871","2956,672",2005,65,715
"514,463","72,025",2006,1,716
"4,994","3,159",2006,2,717
"23,013","7,262",2006,3,718
"13,445","12,859",2006,4,719
"116,889","88,019",2006,5,720
"74,807","52,988",2006,6,721
"32,051","17,649",2006,7,722
"8,492","7,525",2006,8,723
"16,837","12,405",2006,9,724
"7,621","7,457",2006,10,725
"12,269","11,387",2006,11,726
"14,070","13,439",2006,12,727
"12,059","11,084",2006,13,728
"27,921","23,239",2006,14,729
"15,671","13,407",2006,15,730
"41,714","27,436",2006,16,731
"5,743","3,978",2006,17,732
"9,647","7,856",2006,18,733
"16,361","10,835",2006,19,734
"3,120","2,650",2006,20,735
"7,795","7,343",2006,21,736
"45,272","25,853",2006,22,737
"7,902","6,699",2006,23,738
"23,868","23,085",2006,24,739
"10,556","10,556",2006,25,740
"18,461","17,413",2006,26,741
"365,122","244,115",2006,27,742
"96,537","56,075",2006,28,743
"339,068","235,584",2006,29,744
"523,945","253,777",2006,30,745
"137,027","67,179",2006,31,746
"22,862","20,157",2006,32,747
"5,422","5,422",2006,33,748
"31,953","24,346",2006,34,749
"23,783","22,736",2006,35,750
"311,281","155,924",2006,36,751
"19,010","15,907",2006,37,752
"21,814","18,370",2006,38,753
"29,688","29,361",2006,39,754
"18,104","13,299",2006,40,755
"72,796","72,663",2006,41,756
"8,572","8,572",2006,42,757
"31,036","18,622",2006,43,758
"6,414","3,881",2006,44,759
"103,981","49,963",2006,45,760
"70,823","24,540",2006,46,761
"8,929","6,544",2006,47,762
"15,273","12,043",2006,48,763
"25,191","10,020",2006,49,764
"11,878","5,135",2006,50,765
"5,407","3,529",2006,51,766
"16,259","13,015",2006,52,767
"63,733","57,717",2006,53,768
"422,020","422,020",2006,54,769
"321,977","293,387",2006,55,770
"188,264","155,635",2006,56,771
"33,644","31,514",2006,57,772
"31,459","19,368",2006,58,773
"14,021","11,996",2006,59,774
"82,481","82,481",2006,60,775
"17,661","6,770",2006,61,776
"80,262","35,437",2006,62,777
"68,596","65,144",2006,63,778
"0,000","0,000",2006,64,779
"4731,335","3069,856",2006,65,780
"503,027","70,423",2007,1,781
"5,481","3,467",2007,2,782
"23,099","7,246",2007,3,783
"13,545","13,009",2007,4,784
"115,496","87,121",2007,5,785
"68,976","48,318",2007,6,786
"27,177","14,965",2007,7,787
"8,876","7,877",2007,8,788
"18,047","13,295",2007,9,789
"6,375","6,211",2007,10,790
"13,672","12,790",2007,11,791
"13,302","12,608",2007,12,792
"12,776","11,801",2007,13,793
"30,496","25,382",2007,14,794
"15,800","13,434",2007,15,795
"42,607","28,016",2007,16,796
"6,267","4,387",2007,17,797
"10,267","8,463",2007,18,798
"16,768","11,009",2007,19,799
"3,119","2,656",2007,20,800
"8,118","7,668",2007,21,801
"48,123","27,488",2007,22,802
"7,824","6,567",2007,23,803
"24,096","23,086",2007,24,804
"10,032","10,032",2007,25,805
"18,879","17,763",2007,26,806
"389,103","262,006",2007,27,807
"103,685","60,227",2007,28,808
"337,825","247,094",2007,29,809
"540,694","280,204",2007,30,810
"125,929","55,393",2007,31,811
"25,746","22,902",2007,32,812
"5,479","5,479",2007,33,813
"31,058","23,140",2007,34,814
"22,261","21,201",2007,35,815
"314,404","157,523",2007,36,816
"18,195","14,964",2007,37,817
"22,443","18,779",2007,38,818
"28,025","27,704",2007,39,819
"20,162","15,756",2007,40,820
"75,658","75,519",2007,41,821
"9,014","9,014",2007,42,822
"26,249","15,750",2007,43,823
"6,722","4,082",2007,44,824
"102,997","49,490",2007,45,825
"71,332","24,716",2007,46,826
"9,795","7,279",2007,47,827
"16,305","10,649",2007,48,828
"22,870","10,568",2007,49,829
"12,489","5,514",2007,50,830
"4,778","3,661",2007,51,831
"17,301","13,905",2007,52,832
"71,073","63,604",2007,53,833
"430,561","430,561",2007,54,834
"323,576","297,449",2007,55,835
"202,083","163,217",2007,56,836
"34,000","32,368",2007,57,837
"36,849","24,497",2007,58,838
"14,944","12,786",2007,59,839
"79,343","79,343",2007,60,840
"17,667","7,595",2007,61,841
"83,509","36,871",2007,62,842
"68,699","65,265",2007,63,843
"0,000","0,000",2007,64,844
"4795,069","3151,158",2007,65,845
"501,319","70,185",2008,1,846
"5,498","3,478",2008,2,847
"22,626","7,014",2008,3,848
"11,651","11,125",2008,4,849
"114,864","86,434",2008,5,850
"65,153","44,904",2008,6,851
"27,249","15,006",2008,7,852
"9,502","8,236",2008,8,853
"19,954","14,075",2008,9,854
"5,678","5,678",2008,10,855
"14,285","13,761",2008,11,856
"13,353","12,592",2008,12,857
"15,795","14,621",2008,13,858
"31,970","26,327",2008,14,859
"19,874","17,277",2008,15,860
"48,767","35,926",2008,16,861
"5,294","4,720",2008,17,862
"10,399","8,905",2008,18,863
"19,930","16,970",2008,19,864
"4,688","4,318",2008,20,865
"8,080","7,655",2008,21,866
"46,216","26,403",2008,22,867
"13,505","9,665",2008,23,868
"21,132","20,305",2008,24,869
"10,595","10,595",2008,25,870
"19,887","18,832",2008,26,871
"386,317","261,130",2008,27,872
"99,146","63,115",2008,28,873
"349,640","260,662",2008,29,874
"539,564","284,679",2008,30,875
"129,760","52,435",2008,31,876
"28,417","25,139",2008,32,877
"5,886","5,886",2008,33,878
"36,247","26,832",2008,34,879
"21,860","20,495",2008,35,880
"321,666","167,302",2008,36,881
"17,945","14,755",2008,37,882
"21,091","17,227",2008,38,883
"29,673","29,397",2008,39,884
"21,302","15,471",2008,40,885
"76,944","76,785",2008,41,886
"8,788","8,788",2008,42,887
"26,180","15,708",2008,43,888
"9,655","5,474",2008,44,889
"104,147","49,734",2008,45,890
"78,934","24,049",2008,46,891
"12,176","9,079",2008,47,892
"16,844","11,190",2008,48,893
"23,897","11,022",2008,49,894
"13,748","5,774",2008,50,895
"5,488","4,592",2008,51,896
"16,302","12,413",2008,52,897
"72,576","64,949",2008,53,898
"428,411","428,411",2008,54,899
"321,180","296,232",2008,55,900
"201,736","165,561",2008,56,901
"31,134","29,973",2008,57,902
"39,997","26,026",2008,58,903
"15,088","12,837",2008,59,904
"86,562","86,562",2008,60,905
"17,074","6,259",2008,61,906
"82,674","36,502",2008,62,907
"71,052","67,382",2008,63,908
"0,000","0,000",2008,64,909
"4856,363","3214,832",2008,65,910
"515,645","72,190",2009,1,911
"5,587","3,534",2009,2,912
"21,743","7,103",2009,3,913
"12,591","12,016",2009,4,914
"116,104","87,612",2009,5,915
"55,780","38,608",2009,6,916
"27,764","15,307",2009,7,917
"9,538","8,268",2009,8,918
"17,839","12,583",2009,9,919
"4,980","4,980",2009,10,920
"13,236","12,484",2009,11,921
"13,123","12,482",2009,12,922
"16,342","15,073",2009,13,923
"30,235","25,100",2009,14,924
"19,621","17,058",2009,15,925
"47,642","35,234",2009,16,926
"4,297","3,832",2009,17,927
"9,559","8,167",2009,18,928
"18,609","16,040",2009,19,929
"4,170","3,831",2009,20,930
"7,599","7,189",2009,21,931
"47,085","26,890",2009,22,932
"12,076","8,263",2009,23,933
"19,995","18,796",2009,24,934
"9,561","9,561",2009,25,935
"20,776","19,606",2009,26,936
"368,823","247,763",2009,27,937
"96,390","62,225",2009,28,938
"347,213","259,521",2009,29,939
"533,629","281,548",2009,30,940
"129,940","52,241",2009,31,941
"27,394","24,805",2009,32,942
"5,809","5,809",2009,33,943
"40,890","32,253",2009,34,944
"21,759","20,401",2009,35,945
"324,352","169,324",2009,36,946
"17,501","14,086",2009,37,947
"19,907","16,049",2009,38,948
"28,093","27,832",2009,39,949
"21,602","16,151",2009,40,950
"72,025","71,896",2009,41,951
"8,271","8,271",2009,42,952
"27,109","16,266",2009,43,953
"9,702","5,314",2009,44,954
"107,418","51,591",2009,45,955
"75,580","20,520",2009,46,956
"12,294","9,442",2009,47,957
"18,228","12,665",2009,48,958
"25,460","13,115",2009,49,959
"13,300","5,593",2009,50,960
"4,424","3,590",2009,51,961
"15,976","12,729",2009,52,962
"75,406","67,482",2009,53,963
"420,651","420,651",2009,54,964
"325,375","298,563",2009,55,965
"197,625","161,842",2009,56,966
"33,967","32,782",2009,57,967
"37,356","23,597",2009,58,968
"14,664","12,258",2009,59,969
"91,402","91,402",2009,60,970
"16,535","5,720",2009,61,971
"81,787","38,365",2009,62,972
"79,649","75,337",2009,63,973
"0,000","0,000",2009,64,974
"4829,003","3190,806",2009,65,975
"517,096","99,427",2010,1,976
"5,290","3,261",2010,2,977
"21,822","7,129",2010,3,978
"12,175","11,540",2010,4,979
"109,378","87,524",2010,5,980
"45,366","31,297",2010,6,981
"13,837","7,846",2010,7,982
"8,596","7,834",2010,8,983
"15,653","11,041",2010,9,984
"4,333","4,333",2010,10,985
"12,704","11,988",2010,11,986
"12,422","12,397",2010,12,987
"15,136","13,927",2010,13,988
"25,121","20,655",2010,14,989
"11,999","11,516",2010,15,990
"46,757","33,897",2010,16,991
"5,177","4,759",2010,17,992
"9,871","8,561",2010,18,993
"16,452","14,175",2010,19,994
"3,606","3,244",2010,20,995
"6,957","6,576",2010,21,996
"32,339","19,630",2010,22,997
"11,796","7,768",2010,23,998
"24,319","20,535",2010,24,999
"8,737","8,737",2010,25,1000
"22,033","20,901",2010,26,1001
"277,662","160,496",2010,27,1002
"95,354","60,522",2010,28,1003
"331,632","251,568",2010,29,1004
"525,410","273,389",2010,30,1005
"128,059","57,134",2010,31,1006
"37,906","35,335",2010,32,1007
"4,743","4,743",2010,33,1008
"41,685","35,098",2010,34,1009
"19,656","18,397",2010,35,1010
"357,725","229,711",2010,36,1011
"21,323","17,860",2010,37,1012
"18,605","15,310",2010,38,1013
"30,316","28,182",2010,39,1014
"29,031","19,338",2010,40,1015
"68,721","68,601",2010,41,1016
"7,449","7,449",2010,42,1017
"25,731","14,760",2010,43,1018
"12,333","6,536",2010,44,1019
"130,380","57,832",2010,45,1020
"77,367","23,719",2010,46,1021
"11,505","8,137",2010,47,1022
"17,916","12,308",2010,48,1023
"26,109","13,551",2010,49,1024
"14,008","5,891",2010,50,1025
"4,989","4,731",2010,51,1026
"14,695","11,698",2010,52,1027
"76,941","64,401",2010,53,1028
"425,228","425,228",2010,54,1029
"350,520","323,648",2010,55,1030
"204,973","166,374",2010,56,1031
"34,884","33,463",2010,57,1032
"39,150","25,753",2010,58,1033
"16,836","13,121",2010,59,1034
"34,030","34,030",2010,60,1035
"13,418","2,513",2010,61,1036
"78,469","38,239",2010,62,1037
"82,704","78,686",2010,63,1038
"0,000","0,000",2010,64,1039
"4706,434","3138,249",2010,65,1040
"505,921","98,578",2011,1,1041
"5,958","4,543",2011,2,1042
"20,757","7,081",2011,3,1043
"10,907","10,295",2011,4,1044
"109,991","89,185",2011,5,1045
"39,764","27,576",2011,6,1046
"12,946","7,177",2011,7,1047
"8,011","7,240",2011,8,1048
"13,396","9,449",2011,9,1049
"4,281","4,281",2011,10,1050
"11,456","10,811",2011,11,1051
"9,665","9,631",2011,12,1052
"13,620","12,568",2011,13,1053
"22,552","17,997",2011,14,1054
"11,016","10,506",2011,15,1055
"42,736","29,401",2011,16,1056
"5,185","4,727",2011,17,1057
"8,454","7,275",2011,18,1058
"14,821","12,286",2011,19,1059
"3,073","2,812",2011,20,1060
"5,687","5,346",2011,21,1061
"29,925","18,349",2011,22,1062
"11,163","7,601",2011,23,1063
"26,178","20,140",2011,24,1064
"9,028","9,028",2011,25,1065
"20,305","19,357",2011,26,1066
"241,173","140,836",2011,27,1067
"86,069","58,587",2011,28,1068
"308,137","227,766",2011,29,1069
"491,442","258,011",2011,30,1070
"127,513","59,849",2011,31,1071
"39,328","37,158",2011,32,1072
"4,300","4,300",2011,33,1073
"40,378","35,204",2011,34,1074
"17,558","16,346",2011,35,1075
"353,712","228,528",2011,36,1076
"19,138","15,986",2011,37,1077
"17,105","13,701",2011,38,1078
"31,566","29,411",2011,39,1079
"27,596","17,533",2011,40,1080
"63,260","63,145",2011,41,1081
"7,526","7,526",2011,42,1082
"27,665","15,869",2011,43,1083
"12,048","7,015",2011,44,1084
"129,678","54,813",2011,45,1085
"78,793","26,221",2011,46,1086
"10,569","7,127",2011,47,1087
"17,463","12,148",2011,48,1088
"25,239","12,812",2011,49,1089
"14,301","6,150",2011,50,1090
"5,346","5,110",2011,51,1091
"14,565","11,444",2011,52,1092
"72,757","61,585",2011,53,1093
"408,851","408,851",2011,54,1094
"348,241","322,597",2011,55,1095
"204,457","161,880",2011,56,1096
"33,739","31,174",2011,57,1097
"37,855","23,361",2011,58,1098
"16,122","12,847",2011,59,1099
"33,445","33,445",2011,60,1100
"11,992","3,439",2011,61,1101
"75,804","36,940",2011,62,1102
"73,611","70,036",2011,63,1103
"0,000","0,000",2011,64,1104
"4505,138","3001,992",2011,65,1105
"504,386","101,097",2012,1,1106
"5,037","3,888",2012,2,1107
"20,573","7,342",2012,3,1108
"9,750","9,144",2012,4,1109
"110,369","90,620",2012,5,1110
"35,095","24,628",2012,6,1111
"10,689","6,520",2012,7,1112
"7,907","7,146",2012,8,1113
"11,372","8,540",2012,9,1114
"3,885","3,885",2012,10,1115
"10,972","10,759",2012,11,1116
"7,843","7,806",2012,12,1117
"13,079","12,069",2012,13,1118
"20,436","16,094",2012,14,1119
"10,028","9,557",2012,15,1120
"39,641","27,234",2012,16,1121
"4,824","4,388",2012,17,1122
"8,033","7,410",2012,18,1123
"12,797","11,150",2012,19,1124
"3,094","2,814",2012,20,1125
"4,718","4,406",2012,21,1126
"25,200","14,667",2012,22,1127
"10,005","7,994",2012,23,1128
"26,520","20,532",2012,24,1129
"9,156","9,156",2012,25,1130
"17,839","17,007",2012,26,1131
"206,795","108,297",2012,27,1132
"74,434","46,688",2012,28,1133
"286,991","212,642",2012,29,1134
"466,224","242,798",2012,30,1135
"125,331","54,009",2012,31,1136
"39,641","38,588",2012,32,1137
"3,561","3,561",2012,33,1138
"42,585","37,356",2012,34,1139
"15,951","14,850",2012,35,1140
"349,009","225,069",2012,36,1141
"17,543","14,974",2012,37,1142
"14,926","11,806",2012,38,1143
"29,253","27,207",2012,39,1144
"28,499","18,376",2012,40,1145
"59,593","59,482",2012,41,1146
"6,810","6,810",2012,42,1147
"29,232","16,768",2012,43,1148
"13,286","7,806",2012,44,1149
"130,541","57,231",2012,45,1150
"91,270","28,161",2012,46,1151
"12,315","8,011",2012,47,1152
"16,687","11,010",2012,48,1153
"23,854","12,178",2012,49,1154
"12,636","6,183",2012,50,1155
"5,932","5,722",2012,51,1156
"16,303","13,316",2012,52,1157
"72,649","61,494",2012,53,1158
"384,135","384,135",2012,54,1159
"340,886","319,308",2012,55,1160
"207,694","161,542",2012,56,1161
"31,567","29,411",2012,57,1162
"38,833","24,150",2012,58,1163
"18,338","13,157",2012,59,1164
"33,432","33,432",2012,60,1165
"11,609","3,627",2012,61,1166
"68,166","33,493",2012,62,1167
"56,074","51,793",2012,63,1168
"0,000","0,000",2012,64,1169
"4325,833","2850,294",2012,65,1170
"501,990","100,030",2013,1,1171
"4,631","3,360",2013,2,1172
"20,960","7,480",2013,3,1173
"10,437","10,041",2013,4,1174
"113,487","94,744",2013,5,1175
"30,595","21,476",2013,6,1176
"9,262","5,555",2013,7,1177
"6,838","6,498",2013,8,1178
"11,115","8,347",2013,9,1179
"3,945","3,940",2013,10,1180
"11,634","11,521",2013,11,1181
"8,186","8,164",2013,12,1182
"13,601","12,862",2013,13,1183
"17,828","14,208",2013,14,1184
"9,052","8,616",2013,15,1185
"37,227","25,851",2013,16,1186
"4,182","3,774",2013,17,1187
"6,647","6,215",2013,18,1188
"12,711","11,075",2013,19,1189
"2,290","2,078",2013,20,1190
"4,487","4,218",2013,21,1191
"22,924","13,157",2013,22,1192
"11,535","8,912",2013,23,1193
"28,019","20,392",2013,24,1194
"9,244","9,244",2013,25,1195
"17,747","16,919",2013,26,1196
"202,866","101,804",2013,27,1197
"71,754","44,120",2013,28,1198
"262,166","192,047",2013,29,1199
"447,952","234,766",2013,30,1200
"123,102","59,322",2013,31,1201
"42,959","41,951",2013,32,1202
"3,369","3,369",2013,33,1203
"44,977","40,139",2013,34,1204
"13,828","12,977",2013,35,1205
"378,693","254,946",2013,36,1206
"16,786","13,987",2013,37,1207
"14,023","11,382",2013,38,1208
"30,867","28,992",2013,39,1209
"30,316","20,735",2013,40,1210
"56,266","56,157",2013,41,1211
"7,018","7,018",2013,42,1212
"28,403","16,293",2013,43,1213
"13,894","8,910",2013,44,1214
"139,010","63,440",2013,45,1215
"93,637","31,677",2013,46,1216
"13,605","9,169",2013,47,1217
"15,867","11,270",2013,48,1218
"21,042","11,391",2013,49,1219
"11,757","5,902",2013,50,1220
"6,143","5,944",2013,51,1221
"18,171","13,906",2013,52,1222
"77,057","64,955",2013,53,1223
"382,208","382,208",2013,54,1224
"334,385","312,970",2013,55,1225
"216,190","166,996",2013,56,1226
"28,520","26,651",2013,57,1227
"41,380","25,998",2013,58,1228
"21,825","16,577",2013,59,1229
"34,602","34,602",2013,60,1230
"11,515","3,686",2013,61,1231
"63,530","31,200",2013,62,1232
"50,409","46,561",2013,63,1233
"0,000","0,000",2013,64,1234
"4300,666","2852,695",2013,65,1235
"501,925","110,276",2014,1,1236
"6,829","6,394",2014,2,1237
"21,522","9,746",2014,3,1238
"11,152","10,437",2014,4,1239
"117,464","96,767",2014,5,1240
"31,363","22,282",2014,6,1241
"8,865","5,064",2014,7,1242
"8,060","7,391",2014,8,1243
"10,581","7,420",2014,9,1244
"3,604","3,576",2014,10,1245
"11,720","10,826",2014,11,1246
"7,780","7,751",2014,12,1247
"11,867","10,827",2014,13,1248
"18,383","14,137",2014,14,1249
"9,210","8,779",2014,15,1250
"36,245","26,122",2014,16,1251
"4,372","3,939",2014,17,1252
"7,584","6,478",2014,18,1253
"11,477","8,963",2014,19,1254
"2,060","1,526",2014,20,1255
"4,017","3,723",2014,21,1256
"25,456","14,547",2014,22,1257
"15,642","11,129",2014,23,1258
"31,960","22,113",2014,24,1259
"11,896","11,462",2014,25,1260
"16,395","15,121",2014,26,1261
"203,985","113,943",2014,27,1262
"70,896","40,877",2014,28,1263
"251,715","179,395",2014,29,1264
"453,448","240,649",2014,30,1265
"135,650","68,881",2014,31,1266
"43,271","42,172",2014,32,1267
"3,599","3,599",2014,33,1268
"46,658","42,141",2014,34,1269
"15,206","13,853",2014,35,1270
"448,089","329,186",2014,36,1271
"14,288","11,755",2014,37,1272
"14,684","12,130",2014,38,1273
"30,246","28,560",2014,39,1274
"34,890","23,550",2014,40,1275
"51,100","51,100",2014,41,1276
"6,924","6,924",2014,42,1277
"27,663","15,650",2014,43,1278
"14,750","10,116",2014,44,1279
"152,024","76,854",2014,45,1280
"99,159","32,186",2014,46,1281
"16,908","11,014",2014,47,1282
"17,984","13,115",2014,48,1283
"18,257","9,201",2014,49,1284
"13,621","8,003",2014,50,1285
"11,462","11,295",2014,51,1286
"21,328","16,495",2014,52,1287
"75,358","62,524",2014,53,1288
"380,345","380,345",2014,54,1289
"351,954","328,963",2014,55,1290
"216,819","164,095",2014,56,1291
"32,574","29,296",2014,57,1292
"48,233","30,919",2014,58,1293
"23,906","18,806",2014,59,1294
"32,621","32,621",2014,60,1295
"12,756","3,954",2014,61,1296
"65,413","32,984",2014,62,1297
"48,518","44,794",2014,63,1298
"0,000","0,000",2014,64,1299
"4453,731","2998,741",2014,65,1300
"483,587","130,373",2015,1,1301
"7,247","6,835",2015,2,1302
"20,915","10,704",2015,3,1303
"10,261","9,742",2015,4,1304
"113,338","94,910",2015,5,1305
"29,441","22,575",2015,6,1306
"6,278","3,366",2015,7,1307
"7,480","6,926",2015,8,1308
"9,422","6,452",2015,9,1309
"3,595","3,570",2015,10,1310
"11,080","10,428",2015,11,1311
"9,414","9,401",2015,12,1312
"12,487","11,522",2015,13,1313
"15,511","12,230",2015,14,1314
"8,670","8,329",2015,15,1315
"34,573","25,157",2015,16,1316
"4,200","3,847",2015,17,1317
"7,046","6,091",2015,18,1318
"10,109","7,999",2015,19,1319
"1,872","1,415",2015,20,1320
"3,618","3,329",2015,21,1321
"21,022","12,333",2015,22,1322
"13,997","9,636",2015,23,1323
"30,463","22,597",2015,24,1324
"10,916","10,556",2015,25,1325
"16,574","15,529",2015,26,1326
"195,160","110,183",2015,27,1327
"69,517","40,263",2015,28,1328
"231,293","171,402",2015,29,1329
"452,186","243,275",2015,30,1330
"117,038","63,204",2015,31,1331
"53,960","53,134",2015,32,1332
"3,793","3,777",2015,33,1333
"47,264","42,924",2015,34,1334
"15,528","14,235",2015,35,1335
"445,284","326,911",2015,36,1336
"12,859","10,766",2015,37,1337
"14,155","11,689",2015,38,1338
"31,271","29,749",2015,39,1339
"30,925","19,436",2015,40,1340
"52,525","52,525",2015,41,1341
"6,777","6,777",2015,42,1342
"29,316","14,191",2015,43,1343
"15,156","10,282",2015,44,1344
"138,582","65,153",2015,45,1345
"86,781","33,437",2015,46,1346
"17,445","11,229",2015,47,1347
"17,496","12,877",2015,48,1348
"16,794","9,228",2015,49,1349
"11,592","6,703",2015,50,1350
"12,394","12,212",2015,51,1351
"20,696","15,545",2015,52,1352
"74,859","64,135",2015,53,1353
"382,246","382,246",2015,54,1354
"349,884","327,479",2015,55,1355
"208,368","155,849",2015,56,1356
"35,426","32,915",2015,57,1357
"42,461","28,996",2015,58,1358
"25,487","20,359",2015,59,1359
"27,743","27,743",2015,60,1360
"11,776","3,954",2015,61,1361
"68,491","34,025",2015,62,1362
"46,929","44,329",2015,63,1363
"0,000","0,000",2015,64,1364
"4322,573","2978,989",2015,65,1365
"471,082","128,062",2016,1,1366
"7,459","7,064",2016,2,1367
"21,288","11,340",2016,3,1368
"9,346","8,899",2016,4,1369
"120,026","102,171",2016,5,1370
"29,894","22,582",2016,6,1371
"7,216","4,493",2016,7,1372
"7,590","7,067",2016,8,1373
"10,257","7,395",2016,9,1374
"3,577","3,550",2016,10,1375
"10,940","10,244",2016,11,1376
"9,425","9,401",2016,12,1377
"12,360","11,446",2016,13,1378
"16,460","13,401",2016,14,1379
"8,747","8,399",2016,15,1380
"36,047","25,536",2016,16,1381
"4,655","4,288",2016,17,1382
"7,362","6,436",2016,18,1383
"10,642","8,571",2016,19,1384
"1,883","1,433",2016,20,1385
"3,417","3,147",2016,21,1386
"21,797","13,494",2016,22,1387
"15,858","11,604",2016,23,1388
"32,736","24,912",2016,24,1389
"10,625","10,269",2016,25,1390
"17,726","16,745",2016,26,1391
"197,090","112,526",2016,27,1392
"72,935","42,992",2016,28,1393
"234,560","177,752",2016,29,1394
"480,940","275,229",2016,30,1395
"121,749","65,235",2016,31,1396
"56,115","55,376",2016,32,1397
"3,814","3,781",2016,33,1398
"46,740","42,574",2016,34,1399
"15,104","13,864",2016,35,1400
"522,776","407,707",2016,36,1401
"12,335","10,429",2016,37,1402
"15,562","13,382",2016,38,1403
"29,684","28,238",2016,39,1404
"32,272","21,564",2016,40,1405
"49,124","49,124",2016,41,1406
"6,745","6,745",2016,42,1407
"29,527","14,620",2016,43,1408
"17,848","12,310",2016,44,1409
"139,440","68,389",2016,45,1410
"83,655","32,839",2016,46,1411
"14,812","10,278",2016,47,1412
"16,859","12,592",2016,48,1413
"17,403","10,030",2016,49,1414
"13,319","8,733",2016,50,1415
"15,549","15,392",2016,51,1416
"20,872","15,667",2016,52,1417
"81,567","71,309",2016,53,1418
"384,991","384,991",2016,54,1419
"353,184","331,832",2016,55,1420
"214,860","161,310",2016,56,1421
"38,025","35,609",2016,57,1422
"42,866","30,016",2016,58,1423
"26,269","21,119",2016,59,1424
"29,668","29,668",2016,60,1425
"11,647","4,881",2016,61,1426
"68,546","34,231",2016,62,1427
"42,647","39,739",2016,63,1428
"0,000","0,000",2016,64,1429
"4469,514","3154,022",2016,65,1430
"474,627","122,711",2017,1,1431
"7,821","7,366",2017,2,1432
"20,845","11,718",2017,3,1433
"10,201","9,632",2017,4,1434
"121,853","104,397",2017,5,1435
"27,419","21,319",2017,6,1436
"6,904","4,412",2017,7,1437
"7,792","7,264",2017,8,1438
"9,784","7,075",2017,9,1439
"3,728","3,702",2017,10,1440
"11,436","10,730",2017,11,1441
"9,959","9,881",2017,12,1442
"12,167","11,260",2017,13,1443
"17,214","13,662",2017,14,1444
"9,352","9,048",2017,15,1445
"33,677","25,404",2017,16,1446
"4,357","3,993",2017,17,1447
"7,236","6,363",2017,18,1448
"10,323","8,355",2017,19,1449
"1,874","1,423",2017,20,1450
"3,907","3,530",2017,21,1451
"19,912","11,943",2017,22,1452
"14,331","10,087",2017,23,1453
"31,846","23,226",2017,24,1454
"8,696","8,351",2017,25,1455
"18,288","17,268",2017,26,1456
"190,508","109,693",2017,27,1457
"69,216","41,409",2017,28,1458
"233,667","179,142",2017,29,1459
"478,909","273,709",2017,30,1460
"112,489","56,553",2017,31,1461
"60,701","59,941",2017,32,1462
"4,008","3,984",2017,33,1463
"47,649","43,635",2017,34,1464
"15,083","13,892",2017,35,1465
"538,709","427,384",2017,36,1466
"11,995","10,090",2017,37,1467
"16,299","14,128",2017,38,1468
"29,326","28,013",2017,39,1469
"31,747","22,328",2017,40,1470
"48,606","48,606",2017,41,1471
"6,722","6,722",2017,42,1472
"25,882","11,741",2017,43,1473
"17,912","12,457",2017,44,1474
"135,306","67,550",2017,45,1475
"72,668","27,331",2017,46,1476
"14,299","10,295",2017,47,1477
"15,424","11,533",2017,48,1478
"18,478","11,173",2017,49,1479
"13,160","8,612",2017,50,1480
"16,771","16,627",2017,51,1481
"20,164","16,364",2017,52,1482
"82,545","73,060",2017,53,1483
"387,147","387,147",2017,54,1484
"354,003","330,105",2017,55,1485
"216,526","162,188",2017,56,1486
"34,689","32,255",2017,57,1487
"41,847","29,065",2017,58,1488
"27,980","22,788",2017,59,1489
"29,522","29,522",2017,60,1490
"11,429","4,900",2017,61,1491
"72,323","38,254",2017,62,1492
"37,369","32,794",2017,63,1493
"0,000","0,000",2017,64,1494
"4446,627","3149,110",2017,65,1495
"477,786","125,769",2018,1,1496
"8,923","8,394",2018,2,1497
"20,565","13,204",2018,3,1498
"9,980","9,570",2018,4,1499
"130,304","113,408",2018,5,1500
"30,322","24,780",2018,6,1501
"7,742","4,990",2018,7,1502
"9,039","8,556",2018,8,1503
"10,343","7,302",2018,9,1504
"3,721","3,673",2018,10,1505
"11,858","11,230",2018,11,1506
"9,885","9,868",2018,12,1507
"12,813","11,770",2018,13,1508
"17,053","14,004",2018,14,1509
"10,242","9,966",2018,15,1510
"32,983","25,265",2018,16,1511
"3,778","3,475",2018,17,1512
"8,160","7,022",2018,18,1513
"11,215","9,370",2018,19,1514
"2,151","1,713",2018,20,1515
"4,515","4,284",2018,21,1516
"23,568","15,539",2018,22,1517
"15,444","11,406",2018,23,1518
"31,383","23,997",2018,24,1519
"8,960","8,647",2018,25,1520
"17,680","16,586",2018,26,1521
"193,462","110,547",2018,27,1522
"73,519","42,430",2018,28,1523
"248,478","198,550",2018,29,1524
"496,763","297,627",2018,30,1525
"116,587","59,922",2018,31,1526
"63,634","63,011",2018,32,1527
"4,536","4,527",2018,33,1528
"50,431","46,042",2018,34,1529
"16,641","15,547",2018,35,1530
"603,084","501,988",2018,36,1531
"14,675","13,068",2018,37,1532
"20,192","18,214",2018,38,1533
"31,154","30,025",2018,39,1534
"34,557","26,604",2018,40,1535
"47,268","47,268",2018,41,1536
"6,808","6,808",2018,42,1537
"27,860","13,955",2018,43,1538
"19,766","15,829",2018,44,1539
"146,551","74,398",2018,45,1540
"73,055","31,802",2018,46,1541
"15,496","11,901",2018,47,1542
"16,832","13,350",2018,48,1543
"19,083","9,102",2018,49,1544
"15,138","10,754",2018,50,1545
"15,389","15,249",2018,51,1546
"21,970","19,188",2018,52,1547
"83,843","75,134",2018,53,1548
"392,672","392,672",2018,54,1549
"361,658","336,665",2018,55,1550
"218,275","166,218",2018,56,1551
"40,793","38,559",2018,57,1552
"45,074","33,081",2018,58,1553
"31,352","26,037",2018,59,1554
"32,070","32,070",2018,60,1555
"11,790","4,996",2018,61,1556
"75,275","40,869",2018,62,1557
"34,200","29,401",2018,63,1558
"0,000","0,000",2018,64,1559
"4650,344","3377,196",2018,65,1560
"467,807","127,884",2019,1,1561
"9,518","8,974",2019,2,1562
"21,328","13,429",2019,3,1563
"9,018","8,611",2019,4,1564
"135,421","118,972",2019,5,1565
"28,075","22,475",2019,6,1566
"7,684","5,059",2019,7,1567
"8,862","8,368",2019,8,1568
"10,821","7,639",2019,9,1569
"3,832","3,792",2019,10,1570
"12,219","11,520",2019,11,1571
"9,723","9,704",2019,12,1572
"12,944","11,877",2019,13,1573
"16,963","14,175",2019,14,1574
"11,204","10,928",2019,15,1575
"33,180","25,309",2019,16,1576
"3,955","3,635",2019,17,1577
"8,323","7,451",2019,18,1578
"11,291","9,404",2019,19,1579
"1,970","1,509",2019,20,1580
"4,720","4,487",2019,21,1581
"22,262","14,550",2019,22,1582
"15,851","11,710",2019,23,1583
"31,647","23,774",2019,24,1584
"8,898","8,573",2019,25,1585
"17,881","16,570",2019,26,1586
"192,420","113,095",2019,27,1587
"77,264","44,848",2019,28,1588
"251,493","201,004",2019,29,1589
"507,829","308,207",2019,30,1590
"120,301","62,841",2019,31,1591
"64,419","63,534",2019,32,1592
"4,608","4,595",2019,33,1593
"51,316","47,302",2019,34,1594
"16,298","15,149",2019,35,1595
"654,179","549,077",2019,36,1596
"14,523","12,872",2019,37,1597
"20,504","18,409",2019,38,1598
"32,010","30,872",2019,39,1599
"36,729","27,977",2019,40,1600
"43,496","43,496",2019,41,1601
"6,633","6,633",2019,42,1602
"28,890","14,786",2019,43,1603
"22,490","17,840",2019,44,1604
"148,342","77,384",2019,45,1605
"71,072","28,480",2019,46,1606
"17,399","12,750",2019,47,1607
"16,384","12,605",2019,48,1608
"18,927","8,602",2019,49,1609
"16,940","12,152",2019,50,1610
"17,642","17,473",2019,51,1611
"22,459","19,506",2019,52,1612
"85,443","76,132",2019,53,1613
"398,276","398,276",2019,54,1614
"364,145","338,495",2019,55,1615
"227,455","174,555",2019,56,1616
"41,205","38,948",2019,57,1617
"47,805","35,595",2019,58,1618
"34,745","28,960",2019,59,1619
"34,092","34,092",2019,60,1620
"11,597","4,732",2019,61,1621
"76,224","39,436",2019,62,1622
"31,005","27,637",2019,63,1623
"0,000","0,000",2019,64,1624
"4751,956","3478,726",2019,65,1625
"454,054","119,107",2020,1,1626
"7,654","7,258",2020,2,1627
"19,393","12,746",2020,3,1628
"8,067","7,636",2020,4,1629
"133,044","116,387",2020,5,1630
"26,214","20,233",2020,6,1631
"7,794","5,449",2020,7,1632
"8,812","8,310",2020,8,1633
"9,910","7,219",2020,9,1634
"3,765","3,747",2020,10,1635
"12,838","12,167",2020,11,1636
"11,854","11,824",2020,12,1637
"12,955","12,085",2020,13,1638
"16,229","13,486",2020,14,1639
"11,370","11,103",2020,15,1640
"33,612","25,691",2020,16,1641
"3,957","3,562",2020,17,1642
"8,109","7,339",2020,18,1643
"11,022","9,170",2020,19,1644
"1,838","1,371",2020,20,1645
"4,880","4,620",2020,21,1646
"24,524","16,834",2020,22,1647
"16,467","12,205",2020,23,1648
"31,541","23,177",2020,24,1649
"9,218","8,782",2020,25,1650
"17,419","16,374",2020,26,1651
"193,329","111,625",2020,27,1652
"75,950","42,733",2020,28,1653
"250,468","198,686",2020,29,1654
"495,430","296,495",2020,30,1655
"117,459","60,390",2020,31,1656
"63,131","62,136",2020,32,1657
"4,137","4,121",2020,33,1658
"48,745","44,546",2020,34,1659
"19,187","17,909",2020,35,1660
"549,658","443,407",2020,36,1661
"13,150","11,313",2020,37,1662
"19,831","17,451",2020,38,1663
"31,329","30,123",2020,39,1664
"41,025","31,105",2020,40,1665
"43,639","43,639",2020,41,1666
"8,721","8,721",2020,42,1667
"28,816","14,724",2020,43,1668
"23,167","15,914",2020,44,1669
"149,186","78,737",2020,45,1670
"74,845","28,163",2020,46,1671
"17,054","11,113",2020,47,1672
"15,730","11,709",2020,48,1673
"17,370","9,159",2020,49,1674
"14,350","8,943",2020,50,1675
"19,307","19,109",2020,51,1676
"17,306","14,396",2020,52,1677
"83,968","73,848",2020,53,1678
"398,354","398,354",2020,54,1679
"367,165","340,252",2020,55,1680
"239,853","185,677",2020,56,1681
"42,018","39,587",2020,57,1682
"45,703","34,049",2020,58,1683
"36,848","31,304",2020,59,1684
"39,972","39,972",2020,60,1685
"10,066","3,700",2020,61,1686
"78,707","39,776",2020,62,1687
"28,280","23,929",2020,63,1688
"0,000","0,000",2020,64,1689
"4629,794","3344,697",2020,65,1690
"472,255","116,664",2021,1,1691
"8,056","7,700",2021,2,1692
"19,174","12,602",2021,3,1693
"8,576","8,209",2021,4,1694
"136,059","118,794",2021,5,1695
"26,425","20,335",2021,6,1696
"8,356","5,677",2021,7,1697
"9,266","8,827",2021,8,1698
"10,504","7,785",2021,9,1699
"3,768","3,743",2021,10,1700
"12,914","12,234",2021,11,1701
"12,225","12,190",2021,12,1702
"13,689","12,777",2021,13,1703
"17,304","14,549",2021,14,1704
"12,133","11,880",2021,15,1705
"34,324","25,899",2021,16,1706
"4,522","4,089",2021,17,1707
"8,941","8,235",2021,18,1708
"11,033","9,253",2021,19,1709
"1,934","1,379",2021,20,1710
"5,383","5,086",2021,21,1711
"25,128","16,654",2021,22,1712
"15,647","11,463",2021,23,1713
"31,032","23,591",2021,24,1714
"9,643","9,238",2021,25,1715
"16,731","15,684",2021,26,1716
"194,738","116,628",2021,27,1717
"80,335","44,483",2021,28,1718
"248,186","199,511",2021,29,1719
"504,441","304,207",2021,30,1720
"117,715","59,285",2021,31,1721
"62,644","61,583",2021,32,1722
"4,137","4,121",2021,33,1723
"50,052","45,989",2021,34,1724
"20,133","19,008",2021,35,1725
"560,387","460,893",2021,36,1726
"13,680","11,802",2021,37,1727
"21,214","18,574",2021,38,1728
"29,961","28,563",2021,39,1729
"43,725","32,713",2021,40,1730
"42,868","42,868",2021,41,1731
"7,999","7,999",2021,42,1732
"27,594","15,063",2021,43,1733
"23,984","17,489",2021,44,1734
"153,365","84,049",2021,45,1735
"76,814","30,130",2021,46,1736
"15,245","11,471",2021,47,1737
"16,615","13,134",2021,48,1738
"19,252","10,256",2021,49,1739
"14,283","9,537",2021,50,1740
"21,215","21,000",2021,51,1741
"17,862","14,797",2021,52,1742
"85,102","75,476",2021,53,1743
"399,093","399,093",2021,54,1744
"362,567","335,991",2021,55,1745
"241,967","182,327",2021,56,1746
"41,333","38,362",2021,57,1747
"43,808","32,437",2021,58,1748
"34,905","29,624",2021,59,1749
"37,559","37,559",2021,60,1750
"12,125","3,558",2021,61,1751
"77,169","40,119",2021,62,1752
"28,124","22,786",2021,63,1753
"0,000","0,000",2021,64,1754
"4687,218","3387,022",2021,65,1755
"477,433","116,249",2022,1,1756
"7,647","7,287",2022,2,1757
"19,673","12,740",2022,3,1758
"9,001","8,640",2022,4,1759
"142,991","126,427",2022,5,1760
"25,592","19,987",2022,6,1761
"9,299","6,488",2022,7,1762
"10,020","9,579",2022,8,1763
"10,128","7,492",2022,9,1764
"3,836","3,806",2022,10,1765
"13,079","12,505",2022,11,1766
"13,282","13,242",2022,12,1767
"12,770","11,985",2022,13,1768
"17,508","15,311",2022,14,1769
"11,264","10,902",2022,15,1770
"37,024","27,996",2022,16,1771
"5,493","4,958",2022,17,1772
"9,326","8,605",2022,18,1773
"9,806","7,995",2022,19,1774
"1,900","1,388",2022,20,1775
"5,488","5,240",2022,21,1776
"25,109","17,313",2022,22,1777
"15,401","12,891",2022,23,1778
"32,644","23,575",2022,24,1779
"9,661","9,276",2022,25,1780
"18,638","17,359",2022,26,1781
"197,204","110,196",2022,27,1782
"81,253","46,445",2022,28,1783
"256,835","205,168",2022,29,1784
"507,130","306,040",2022,30,1785
"113,356","60,689",2022,31,1786
"62,855","61,898",2022,32,1787
"4,268","4,248",2022,33,1788
"53,422","49,043",2022,34,1789
"20,062","18,927",2022,35,1790
"611,724","503,792",2022,36,1791
"13,749","11,620",2022,37,1792
"19,496","17,730",2022,38,1793
"30,650","29,307",2022,39,1794
"45,570","35,501",2022,40,1795
"42,353","42,353",2022,41,1796
"7,773","7,773",2022,42,1797
"27,779","15,300",2022,43,1798
"25,741","19,531",2022,44,1799
"158,667","93,578",2022,45,1800
"73,827","28,832",2022,46,1801
"16,238","12,219",2022,47,1802
"15,641","12,466",2022,48,1803
"19,176","10,557",2022,49,1804
"14,849","9,483",2022,50,1805
"24,983","24,783",2022,51,1806
"18,111","14,483",2022,52,1807
"88,821","79,433",2022,53,1808
"400,378","400,378",2022,54,1809
"373,096","346,154",2022,55,1810
"243,665","184,554",2022,56,1811
"44,831","41,977",2022,57,1812
"43,979","32,561",2022,58,1813
"33,730","28,455",2022,59,1814
"39,794","39,794",2022,60,1815
"13,789","4,062",2022,61,1816
"77,214","38,335",2022,62,1817
"29,131","21,923",2022,63,1818
"0,000","0,000",2022,64,1819
"4805,153","3488,824",2022,65,1820
